<?xml version="1.0" encoding="UTF-8"?>
<beans xmlns="http://www.springframework.org/schema/beans"
    xmlns:camel="http://camel.apache.org/schema/spring"
    xmlns:tx="http://www.springframework.org/schema/tx"
    xmlns:xsi="http://www.w3.org/2001/XMLSchema-instance" xsi:schemaLocation="http://www.springframework.org/schema/beans http://www.springframework.org/schema/beans/spring-beans-4.0.xsd       http://camel.apache.org/schema/spring http://camel.apache.org/schema/spring/camel-spring.xsd      http://www.springframework.org/schema/tx http://www.springframework.org/schema/tx/spring-tx.xsd http://www.springframework.org/schema/util http://www.springframework.org/schema/util/spring-util-4.0.xsd">
    
    <tx:annotation-driven />
    <import resource="classpath:/jms-txawr-config.xml"/>
    <bean class="command.TransactionBegin" id="begin"/>
    <bean class="command.DBUpdate" id="update"/>
    <bean class="command.TransactionEnd" id="end"/>
    <bean class="command.ExceptionPropagatorProcessor" id="exceptionPropagator"/>
    <camelContext id="camelContext-4b75db5f-c7cb-405b-91dc-3238c96ea9ba"
        trace="true" xmlns="http://camel.apache.org/schema/spring">
        <camel:route id="startRoute">
            <camel:from id="listenToIncomingOrder" uri="activemq:incomingOrders"/>
            <camel:onException id="_onException1">
                <camel:exception>java.lang.Exception</camel:exception>
                <camel:redeliveryPolicy maximumRedeliveries="0"/>
                <camel:handled>
                    <camel:constant>true</camel:constant>
                </camel:handled>
                <camel:log id="_log1" message="error in startRoute"/>
                <camel:bean id="_bean1" method="process" ref="exceptionPropagator"/>
                <camel:to id="_to1" uri="direct:error"/>
            </camel:onException>
            <camel:transacted id="_transacted1"/>
            <camel:to id="beginProcessing" uri="bean:begin"/>
            <camel:choice>
            	<camel:when>
            		<camel:simple>
            			"${property[duplicate]}"
            		</camel:simple>
            		<camel:to id="ending" uri="direct:end"/>
            	</camel:when>
            	<camel:otherwise>
            		<camel:to id="updateDB" uri="bean:update"/>
            		<camel:to id="ending" uri="direct:end"/>	
            	</camel:otherwise>
            </camel:choice>
        </camel:route>
        <camel:route id="endRoute">
            <camel:from id="ending" uri="direct:end"/>
            <camel:onException id="_onException2">
                <camel:exception>java.lang.Exception</camel:exception>
                <camel:redeliveryPolicy maximumRedeliveries="0"/>
                <camel:handled>
                    <camel:constant>true</camel:constant>
                </camel:handled>
                <camel:log id="_log2" message="error in endRoute"/>
                <camel:bean id="_bean2" method="process" ref="exceptionPropagator"/>
                <camel:to id="_to2" uri="direct:error"/>
            </camel:onException>
            <camel:transacted id="_transacted2"/>
            <camel:to id="endProcessing" uri="bean:end"/>
        </camel:route>
        <camel:route id="errorRoute">
            <camel:from id="error" uri="direct:error"/>
            <camel:choice id="_choice1">
                <camel:when id="_when1">
                    <camel:simple>${exchangeProperty.HandleException} == 'RollBack'</camel:simple>
                    <camel:log id="_log3" logName="CamelContext-Route"
                        loggingLevel="ERROR" message="Caught Rollback Exception - Camel Context route processing - failed : ${body}"/>
                    <camel:rollback id="_rollback1" message="The current message was marked for Rollback. Please see redelivery policy for re-attempts."/>
                </camel:when>
                <camel:otherwise id="_otherwise1">
                    <camel:log id="_log4" logName="CamelContext-Route"
                        loggingLevel="ERROR" message="Caught Unknown Exception - Camel Context route processing - failed : ${body}"/>
                    <camel:rollback id="_rollback2" message="The current message was marked for Rollback. Please see redelivery policy for re-attempts."/>
                </camel:otherwise>
            </camel:choice>
        </camel:route>
    </camelContext>
</beans>
