<?xml version="1.0" encoding="UTF-8"?>
<beans xmlns="http://www.springframework.org/schema/beans"
    xmlns:camel="http://camel.apache.org/schema/spring"
    xmlns:xsi="http://www.w3.org/2001/XMLSchema-instance" xsi:schemaLocation="http://www.springframework.org/schema/beans http://www.springframework.org/schema/beans/spring-beans-3.0.xsd      http://camel.apache.org/schema/spring http://camel.apache.org/schema/spring/camel-spring.xsd">
    <bean
        class="org.springframework.jdbc.datasource.DriverManagerDataSource" id="appDataSource">
        <property name="driverClassName" value="com.ibm.db2.jcc.DB2Driver"/>
        <property name="url" value="jdbc:db2://dsn01e.db.bnsf.com:55000/DSN01E"/>
        <property name="username" value="wntsmadm"/>
        <property name="password" value="AXf9WM3b"/>
        <property name="schema" value="WN"/>
    </bean>
    
    <bean class="org.springframework.jdbc.core.JdbcTemplate" id="appJdbcTemplate">
        <property name="dataSource" ref="appDataSource"/>
    </bean>
    
    <!-- Transaction manager -->
    <bean
        class="org.springframework.jdbc.datasource.DataSourceTransactionManager" id="dsTransactionManager">
        <property name="dataSource" ref="appDataSource"/>
    </bean>
    
    <bean
        class="org.springframework.jms.connection.JmsTransactionManager" id="jmsTransactionManager">
        <property name="connectionFactory" ref="activemqConnectionFactory"/>
    </bean>
    
    <bean id="jmsTxPolicy" class="org.apache.camel.spring.spi.SpringTransactionPolicy">
        <property name="transactionManager" ref="jmsTransactionManager" />
    </bean>
    
    <!-- JMS - Start-->
    <bean class="org.apache.camel.component.jms.JmsComponent" id="activemq">
        <property name="configuration" ref="jmsConfig"/>
    </bean>
    
    <bean class="org.apache.camel.component.jms.JmsConfiguration" id="jmsConfig">
        <property name="connectionFactory" ref="activemqConnectionFactory"/>
        <property name="transactionManager" ref="jmsTransactionManager"/>
        <property name="transacted" value="true"/>
        <property name="acknowledgementModeName" value="SESSION_TRANSACTED"/>
        <property name="concurrentConsumers" value="1"/>
        <property name="cacheLevelName" value="CACHE_AUTO"/>
    </bean>
    
    <bean class="org.apache.activemq.ActiveMQConnectionFactory" id="activemqConnectionFactory">
        <property name="brokerURL" value="tcp://localhost:61616?jms.redeliveryPolicy.maximumRedeliveries=1"/>
    </bean>
</beans>