<?xml version="1.0" encoding="UTF-8"?>
<beans xmlns="http://www.springframework.org/schema/beans"
    xmlns:camel="http://camel.apache.org/schema/spring"
    xmlns:xsi="http://www.w3.org/2001/XMLSchema-instance" xsi:schemaLocation="http://www.springframework.org/schema/beans http://www.springframework.org/schema/beans/spring-beans-4.0.xsd      http://camel.apache.org/schema/spring http://camel.apache.org/schema/spring/camel-spring.xsd">
    
    
    <bean
        class="org.springframework.jdbc.datasource.DriverManagerDataSource" id="appDataSource">
        <property name="driverClassName" value="com.ibm.db2.jcc.DB2Driver"/>
        <property name="url" value="jdbc:db2://dsn01e.db.bnsf.com:55000/DSN01E"/>
        <property name="username" value="wntsmadm"/>
        <property name="password" value="AXf9WM3b"/>
        <property name="schema" value="WN"/>
    </bean>
    <bean class="org.springframework.jdbc.core.JdbcTemplate" id="appJdbcTemplate">
        <property name="dataSource" ref="appDataSource"/>
    </bean>
    <!-- Transaction manager for a datasource -->
    <bean
        class="org.springframework.jdbc.datasource.DataSourceTransactionManager" id="dsTransactionManager">
        <property name="dataSource" ref="appDataSource"/>
    </bean>
    <!-- JMS - Start-->
    <bean class="org.apache.camel.component.jms.JmsComponent" id="activemq">
        <property name="configuration" ref="jmsConfig"/>
    </bean>
    
    <bean class="org.apache.camel.component.jms.JmsConfiguration" id="jmsConfig">
        <!-- <property name="connectionFactory" ref="txAwrConnectionFactory"/> -->
        <!-- <property name="templateConnectionFactory" ref="activemqConnectionFactory"/> -->
        <property name="connectionFactory" ref="activemqtxAwrCacheConnectionFactory"/>
        
        <property name="transactionManager" ref="dsTransactionManager"/>
        <property name="transacted" value="true"/>
        <property name="acknowledgementModeName" value="SESSION_TRANSACTED"/>
        <!-- this value should match sessionCacheSize on JmsTransactionManager -->
        <property name="concurrentConsumers" value="1"/>
        <property name="cacheLevelName" value="CACHE_AUTO"/>
    </bean>
    
    <bean
        class="org.springframework.jms.connection.TransactionAwareConnectionFactoryProxy" id="activemqtxAwrCacheConnectionFactory">
        <property name="targetConnectionFactory" ref="activemqCacheConnectionFactory"/>
        <property name="synchedLocalTransactionAllowed" value="true"/>
    </bean>
    
    <bean class="org.springframework.jms.connection.CachingConnectionFactory" id="activemqCacheConnectionFactory">
		<property name="targetConnectionFactory" ref="activemqConnectionFactory" />
		<property name="cacheConsumers" value="false" />
		<property name="reconnectOnException" value="true" />
		<!-- this value should match concurrentConsumers on JmsConfiguration -->
		<property name="sessionCacheSize" value="1" />
	</bean>
	
    <bean class="org.apache.activemq.ActiveMQConnectionFactory" id="activemqConnectionFactory">
        <property name="brokerURL" value="tcp://localhost:61616?jms.redeliveryPolicy.maximumRedeliveries=1"/>        
    </bean>
    
    <!-- <bean id="brokerService" class="org.apache.activemq.broker.BrokerService"
		init-method="start" destroy-method="stop">
		<property name="brokerName" value="broker" />
		Enable this if you need to inspect with JMX
		<property name="useJmx" value="false" />
		<property name="transportConnectorURIs">
			<list>
				<value>tcp://localhost:61616?jms.redeliveryPolicy.maximumRedeliveries=1</value>
			</list>
		</property>
		<property name="persistenceAdapter">
			Use the cheapest possible persistence adapter for testing purposes
			<bean class="org.apache.activemq.store.memory.MemoryPersistenceAdapter"/>
		</property>
	</bean> -->
	
	<!-- <bean id="adapter" class="command.TestTransactionSynchronizationAdapter" init-method="init" depends-on="activemq"/> -->    
</beans>
    